plant_key,Name,Definition,Applications,Advantages,Usage,Precautions,Visit_url
aloe_vera,Aloevera,Aloevera is a succulent plant species native to the Arabian Peninsula...,"Used in skincare, burns, digestive benefits, etc.","Soothes skin, promotes wound healing, antioxidant properties.",Applied topically or consumed as Aloe Vera juice.,"Excess consumption can cause diarrhea, consult doctor.",https://en.wikipedia.org/wiki/Aloe_vera
amla,Amla,Amla (Indian Gooseberry) is a powerful antioxidant-rich fruit.,"Enhances immunity, supports digestion, promotes hair growth.","Fights oxidative stress, boosts skin and hair health.","Consumed raw, as juice, or used in Ayurvedic products.",Excess intake may cause acidity; consult doctor.,https://en.wikipedia.org/wiki/Phyllanthus_emblica
bamboo,Bamboo,Fast-growing woody grass used in construction and medicine.,"Supports digestion, respiratory conditions, skincare benefits.","Rich in silica, has anti-inflammatory properties.",Bamboo shoots eaten cooked; extracts used in supplements.,Must be cooked properly to remove cyanide.,https://en.wikipedia.org/wiki/Bamboo
tulsi,Tulsi,Tulsi is a sacred plant used in Ayurveda for various health benefits.,"Used for treating cough, stress, digestive disorders.","Anti-inflammatory, antimicrobial, antioxidant, adaptogenic.","Tea, raw leaves, oils, and Ayurvedic formulations.",May slow blood clotting or affect fertility.,https://en.wikipedia.org/wiki/Ocimum_tenuiflorum
Tulasi,Tulasi,"Tulasi (Ocimum sanctum or Ocimum tenuiflorum) is a revered medicinal plant in Ayurvedic medicine and a sacred herb in Hindu culture. Often grown in homes and temples, it symbolizes purity and wellness.","Tulasi is widely used to treat respiratory ailments, colds, fever, stress, and digestive issues. It is also consumed as herbal tea and used in religious rituals for purification and protection.","Tulasi offers adaptogenic, antimicrobial, and anti-inflammatory properties. It strengthens the immune system, reduces stress levels, and improves respiratory and cardiovascular health.","Leaves are consumed fresh, brewed into teas, or used in Ayurvedic remedies like kadha. Tulasi oil and extracts are also found in wellness and skincare products.",High intake may affect blood clotting and fertility. Those with blood sugar issues or on medication should consult a healthcare provider. Always consume in moderation.,https://en.wikipedia.org/wiki/Ocimum_tenuiflorum
curry_Leaf,Curry Leaf,Curry Leaf (Murraya koenigii) is a tropical to subtropical tree native to India and Sri Lanka. Its aromatic leaves are widely used in South Asian cuisine and traditional medicine.,"Curry leaves are used to treat anemia, diabetes, and digestive issues. They are also applied in hair care for strengthening roots, preventing hair fall, and promoting hair growth.","Curry leaves are rich in iron, calcium, and antioxidants. They help regulate blood sugar levels, improve digestion, reduce oxidative stress, and support healthy hair and skin.","The fresh or dried leaves are added to dishes during tempering for flavor. In herbal medicine, curry leaf powder or juice is consumed for health benefits. The paste is applied to the scalp for hair nourishment.",Generally safe when used in moderate dietary amounts. Overconsumption in concentrated forms may lead to digestive issues. People on diabetes medication should monitor blood sugar levels when using curry leaves therapeutically.,https://en.wikipedia.org/wiki/Curry_tree
curry,Curry,"Curry typically refers to the leaves of the Curry Tree (Murraya koenigii), a plant native to India and commonly used in South Asian cuisine and traditional Ayurvedic medicine for its aromatic and therapeutic properties.","Curry leaves are used to manage blood sugar levels, cholesterol, indigestion, and oxidative stress. They are also beneficial in hair care, promoting hair growth and preventing premature greying.","Curry leaves possess antioxidant, antimicrobial, anti-inflammatory, and anti-diabetic properties. They are rich in essential nutrients like iron, calcium, and vitamins A, B, C, and E.","Curry leaves are used fresh or dried in cooking, especially for seasoning Indian dishes. In traditional medicine, leaf extracts, powders, or juices are consumed or applied topically for various health benefits.","Curry leaves are generally safe when consumed in food. However, high doses of extracts or supplements should be taken under medical supervision, especially for those managing blood sugar or on specific medications.",https://en.wikipedia.org/wiki/Curry_tree
betel,Betel,"Betel (Piper betle) is a vine from the Piperaceae family, whose leaves are traditionally used across Asia and parts of Africa for cultural, medicinal, and ceremonial purposes. The leaves are often chewed along with areca nut and other ingredients.","Betel leaves are used in traditional medicine to treat bad breath, wounds, infections, cough, and indigestion. They are also used as a mouth freshener and in religious rituals across South Asia.","Betel leaves have antimicrobial, antioxidant, and anti-inflammatory properties. They aid digestion, freshen breath, improve oral health, and may help with wound healing and respiratory conditions.","The fresh leaves are commonly chewed with areca nut (sometimes with lime or tobacco). In medicine, they are used in poultices or as infusions to treat minor infections and digestive issues.","Chewing betel leaves with areca nut and tobacco is linked to oral cancer and other health risks. The leaves themselves are generally safe, but combining them with carcinogenic substances should be avoided. Excessive use may also stain teeth and affect oral hygiene.",https://en.wikipedia.org/wiki/Betel
palak(Spinach),Palak,"Palak, commonly known as Spinach (Spinacia oleracea), is a leafy green vegetable native to central and western Asia. It is widely cultivated and consumed globally for its rich nutritional value.","Spinach is used in cooking and traditional medicine for improving vision, enhancing bone health, reducing anemia, and supporting cardiovascular function. It's also included in diets for weight management and detoxification.","Palak is rich in iron, calcium, folate, vitamin A, vitamin C, and antioxidants like lutein. It boosts immunity, promotes healthy skin and hair, strengthens bones, and supports heart health.","Spinach can be consumed raw in salads, or cooked in dishes like curries, soups, smoothies, and stews. It is also used in juices and herbal preparations for detox and nutritional therapy.",Excessive intake of raw spinach may interfere with calcium absorption due to oxalates and could contribute to kidney stone formation in susceptible individuals. Those on blood thinners should moderate intake due to its high vitamin K content.,https://en.wikipedia.org/wiki/Spinach
coriender,Coriander,"Coriander (Coriandrum sativum) is an annual herb in the Apiaceae family. It is widely cultivated for its fresh leaves (cilantro) and dried seeds, both of which are commonly used in culinary and medicinal applications.","Coriander is used to treat digestive disorders, control blood sugar, reduce inflammation, and support detoxification. The leaves and seeds are both used in cooking and traditional herbal medicine.","Coriander has antimicrobial, anti-inflammatory, and antioxidant properties. It supports healthy digestion, reduces bloating, helps manage cholesterol, and may assist in regulating blood sugar levels.",Fresh coriander leaves (cilantro) are added to dishes for flavor and garnish. The seeds are used whole or ground in spice blends. Coriander tea and seed decoctions are used to aid digestion and detox the body.,"Coriander is generally safe when consumed in food. Some individuals may experience allergic reactions or skin sensitivity. Large medicinal doses should be taken with caution, especially during pregnancy.",https://en.wikipedia.org/wiki/Coriander
ashoka,Ashoka,Ashoka (Saraca asoca) is a flowering tree native to the Indian subcontinent. It holds religious significance in Hinduism and Buddhism and is widely used in traditional medicine for its therapeutic properties.,"Ashoka is used to treat gynecological issues, particularly in regulating menstrual cycles, alleviating pain, and managing uterine disorders. It is also used to treat stress, anxiety, and skin conditions.","Ashoka has anti-inflammatory, analgesic, and antidepressant properties. It helps to regulate hormonal balance, reduce menstrual cramps, and manage conditions like dysmenorrhea, menorrhagia, and leucorrhea.","Ashoka bark, leaves, and flowers are used in herbal medicine as powders, decoctions, or extracts. The plant is often used in Ayurvedic formulations to support women's health and improve emotional well-being.","Pregnant women should consult a healthcare provider before using Ashoka, as it can have effects on uterine tone. Overuse can cause digestive disturbances, so it's important to use it under proper guidance.",https://en.wikipedia.org/wiki/Saraca_asoca
seethapala,Seethapala,"Seethapala (Sechium edule), also known as Chayote or Vegetable Pear, is a green, wrinkled fruit that is technically a type of squash. It is native to Mesoamerica and is widely cultivated in tropical and subtropical regions.","Seethapala is used to manage cholesterol levels, promote digestion, improve skin health, and reduce inflammation. It is also used in traditional medicine to support liver health and detoxification.","Seethapala is rich in vitamins A and C, folate, and fiber. It promotes heart health by lowering cholesterol, improves digestive function, and supports skin health with its antioxidant properties.","The fruit is commonly boiled, steamed, or stir-fried. It is often used in soups, stews, and salads. The young shoots and leaves can also be consumed, and extracts are used in herbal remedies.","Seethapala is generally safe when consumed in moderate amounts. However, individuals with sensitive stomachs may experience digestive discomfort if consumed in large quantities. It should be consumed in moderation during pregnancy or while breastfeeding.",https://en.wikipedia.org/wiki/Sechium_edule
lemon,Lemon,"Lemon (Citrus limon) is a small, yellow citrus fruit known for its tangy flavor and high vitamin C content. Native to Asia, it is widely used for its culinary, medicinal, and cosmetic applications.","Lemon is used to treat sore throats, indigestion, skin issues, and as a natural detoxifier. It is also commonly used to improve digestion, boost immunity, and freshen breath.","Lemon is rich in vitamin C, antioxidants, and citric acid. It supports immune function, aids in digestion, promotes skin health, and helps maintain hydration. Its antibacterial and antiviral properties help fight infections.","Lemon juice is commonly consumed in water, teas, or as a flavoring agent in cooking. Lemon zest is also used in cooking and baking. Topically, lemon juice can be used to brighten skin and lighten dark spots.",Excessive consumption of lemon juice may cause dental enamel erosion due to its acidity. It may also irritate the skin in some individuals when exposed to sunlight. People with citrus allergies should avoid lemon.,https://en.wikipedia.org/wiki/Lemon
pomegranate,Pomegranate,"Pomegranate (Punica granatum) is a fruit-bearing deciduous shrub native to the Mediterranean region, known for its tangy seeds and rich antioxidant content. The fruit is highly regarded for its medicinal, culinary, and health benefits.","Pomegranate is used for heart health, improving digestion, and managing blood sugar levels. It is also used in skincare for its anti-aging properties and as an anti-inflammatory agent.","Pomegranate is rich in vitamin C, potassium, and antioxidants like polyphenols, which help reduce oxidative stress, lower blood pressure, and improve heart health. It also has anti-cancer and anti-inflammatory properties.","Pomegranate seeds and juice are consumed directly or added to salads, smoothies, and desserts. Pomegranate extracts are also used in supplements for their health benefits, and its juice is widely consumed as a drink.","Pomegranate is generally safe, but excessive consumption of pomegranate juice may interact with medications, especially blood pressure and cholesterol-lowering drugs. People with known allergies to pomegranate should avoid it.",https://en.wikipedia.org/wiki/Pomegranate
pomoegranate,Pomoegranate,"Pomegranate (Punica granatum) is a fruit-bearing deciduous shrub native to the Mediterranean region, known for its tangy seeds and rich antioxidant content. The fruit is highly regarded for its medicinal, culinary, and health benefits.","Pomegranate is used for heart health, improving digestion, and managing blood sugar levels. It is also used in skincare for its anti-aging properties and as an anti-inflammatory agent.","Pomegranate is rich in vitamin C, potassium, and antioxidants like polyphenols, which help reduce oxidative stress, lower blood pressure, and improve heart health. It also has anti-cancer and anti-inflammatory properties.","Pomegranate seeds and juice are consumed directly or added to salads, smoothies, and desserts. Pomegranate extracts are also used in supplements for their health benefits, and its juice is widely consumed as a drink.","Pomegranate is generally safe, but excessive consumption of pomegranate juice may interact with medications, especially blood pressure and cholesterol-lowering drugs. People with known allergies to pomegranate should avoid it.",https://en.wikipedia.org/wiki/Pomegranate
pappaya,Pappaya,"Papaya (Carica papaya) is a tropical fruit-bearing plant native to Central America. It is widely cultivated for its sweet, orange-fleshed fruit and medicinal properties, particularly in digestive and skin health.","Papaya is used to improve digestion, treat constipation, promote skin healing, and reduce inflammation. Its enzyme papain helps in breaking down proteins, making it beneficial for gastrointestinal support.","Papaya is rich in vitamins A, C, and E, folate, fiber, and the enzyme papain. It supports eye health, boosts immunity, improves skin tone, and promotes wound healing. Green papaya is often used for menstrual pain and as a meat tenderizer.",The ripe fruit is eaten raw or used in smoothies and salads. Green papaya is used in cooking or grated into curries. Papaya leaf juice is traditionally consumed to increase platelet count and support recovery from dengue fever.,Excessive consumption may cause digestive discomfort or diarrhea. Pregnant women should avoid unripe papaya as it may stimulate uterine contractions. People allergic to latex may also be allergic to papaya.,https://en.wikipedia.org/wiki/Papaya
Papaya,Papaya,"Papaya (Carica papaya) is a tropical fruit-bearing plant native to Central America. It is widely cultivated for its sweet, orange-fleshed fruit and medicinal properties, particularly in digestive and skin health.","Papaya is used to improve digestion, treat constipation, promote skin healing, and reduce inflammation. Its enzyme papain helps in breaking down proteins, making it beneficial for gastrointestinal support.","Papaya is rich in vitamins A, C, and E, folate, fiber, and the enzyme papain. It supports eye health, boosts immunity, improves skin tone, and promotes wound healing. Green papaya is often used for menstrual pain and as a meat tenderizer.",The ripe fruit is eaten raw or used in smoothies and salads. Green papaya is used in cooking or grated into curries. Papaya leaf juice is traditionally consumed to increase platelet count and support recovery from dengue fever.,Excessive consumption may cause digestive discomfort or diarrhea. Pregnant women should avoid unripe papaya as it may stimulate uterine contractions. People allergic to latex may also be allergic to papaya.,https://en.wikipedia.org/wiki/Papaya
jackfruit,Jackfruit,"Jackfruit (Artocarpus heterophyllus) is the largest tree-borne fruit in the world, native to South and Southeast Asia. It is known for its distinct sweet aroma, fibrous texture, and nutritional benefits. Both ripe and unripe fruits are consumed.","Jackfruit is used in treating digestive disorders, anemia, skin issues, and high blood pressure. Unripe jackfruit is often used as a meat substitute due to its texture, while the seeds are also consumed for their nutrient content.","Jackfruit is rich in dietary fiber, vitamin C, potassium, and antioxidants. It helps regulate blood sugar levels, supports digestion, boosts immunity, and promotes skin and bone health.","The ripe fruit is eaten fresh or used in desserts, while the unripe fruit is cooked in savory dishes as a meat alternative. Seeds can be boiled, roasted, or ground into flour. The leaves and roots are used in traditional remedies.","Generally safe, but may cause allergic reactions in people sensitive to birch pollen or latex. Diabetics should monitor blood sugar levels when consuming in large amounts. Seeds must be cooked before consumption as raw seeds may be toxic.",https://en.wikipedia.org/wiki/Jackfruit
Insulin,Insulin Plant,"The Insulin Plant (Costus igneus) is a medicinal herb known for its ability to naturally lower blood sugar levels. Native to Southeast Asia, it is cultivated in tropical regions and widely used in traditional medicine to support diabetes management.","The Insulin plant is primarily used in managing diabetes by helping to regulate blood glucose levels. It is also used to support kidney health, improve digestion, and treat minor infections and inflammations.","Leaves of the Insulin plant are rich in corosolic acid, which mimics insulin and helps reduce blood sugar. It also has antioxidant, anti-inflammatory, and diuretic properties that support overall metabolic and kidney health.","Fresh leaves are chewed daily or consumed as herbal tea or in powdered form. Typically, one leaf per day is recommended for individuals with high blood sugar, but dosage varies based on individual health conditions.","It should be taken under medical supervision, especially for individuals already on diabetes medication, to avoid hypoglycemia. Pregnant and breastfeeding women should consult a healthcare provider before use.",https://en.wikipedia.org/wiki/Costus_igneus
pepper,Pepper,"Pepper, especially black pepper, is a flowering vine whose fruit is dried and used as a spice with medicinal properties.","Used as a spice and in medicine to improve digestion, treat coughs, and stimulate metabolism.","Antioxidant, antimicrobial, and digestive stimulant.","Used as a spice in cooking�whole, crushed, or ground. In traditional remedies, it is added to teas, tonics, and decoctions for colds and digestion. Pepper oil is also used in aromatherapy and topical treatments.",Excessive consumption may cause gastrointestinal irritation or heartburn. It may interact with certain medications due to its bioenhancing properties. People with ulcers or acid reflux should consume it in moderation.,https://en.wikipedia.org/wiki/Black_pepper
Pepper,Pepper,"Pepper, especially black pepper, is a flowering vine whose fruit is dried and used as a spice with medicinal properties.","Used as a spice and in medicine to improve digestion, treat coughs, and stimulate metabolism.","Antioxidant, antimicrobial, and digestive stimulant.","Used as a spice in cooking�whole, crushed, or ground. In traditional remedies, it is added to teas, tonics, and decoctions for colds and digestion. Pepper oil is also used in aromatherapy and topical treatments.",Excessive consumption may cause gastrointestinal irritation or heartburn. It may interact with certain medications due to its bioenhancing properties. People with ulcers or acid reflux should consume it in moderation.,https://en.wikipedia.org/wiki/Black_pepper
raktachandini,Raktachandini (Red Sandalwood),"Raktachandini, also known as Red Sandalwood (Pterocarpus santalinus), is a valuable medicinal tree native to India. Unlike white sandalwood, it has a deep red heartwood and is known for its therapeutic and cosmetic uses in Ayurveda and Unani medicine.","Raktachandini is used to treat skin diseases, reduce inflammation, purify blood, and manage fever and digestive issues. It is also applied externally for acne, blemishes, and skin pigmentation.","It possesses anti-inflammatory, antimicrobial, astringent, and blood-purifying properties. It helps in treating wounds, improving complexion, relieving rashes, and supporting liver health.","The powdered wood is used in face packs, pastes, or mixed with rose water and applied to the skin. Internally, it is used in decoctions and herbal formulations to purify the blood and cool the body.","Should be used in moderation and under medical supervision when taken internally. Topical use is generally safe, but a patch test is recommended to rule out allergic reactions.",https://en.wikipedia.org/wiki/Pterocarpus_santalinus
Jasmine,Jasmine,"Jasmine (Jasminum spp.) is a genus of shrubs and vines in the olive family, known for its fragrant white or yellow flowers. Native to tropical and warm temperate regions, it is widely cultivated for ornamental, therapeutic, and cultural purposes.","Jasmine is used in aromatherapy to reduce stress, anxiety, and depression. It is also used in skincare for moisturizing and soothing the skin. In traditional medicine, it is used for digestive issues, fever, and as an aphrodisiac.","Jasmine has calming, antiseptic, and anti-inflammatory properties. It supports emotional balance, improves skin health, helps relieve headaches, and may aid in hormonal regulation.","Jasmine flowers are used in teas, oils, and perfumes. Jasmine essential oil is applied in aromatherapy or diluted for topical use. Fresh flowers are also used in hair and skin preparations.",Jasmine essential oil should be diluted before topical use to prevent skin irritation. Inhaling too much fragrance may cause headaches or dizziness in sensitive individuals. Pregnant women should consult a doctor before use.,https://en.wikipedia.org/wiki/Jasmine
neem,Neem,"Neem (Azadirachta indica) is a fast-growing, evergreen tree native to the Indian subcontinent. Revered in Ayurveda, it is known for its powerful medicinal properties and is used in treating a wide range of health and skin conditions.","Neem is used to treat skin diseases, fever, dental issues, and infections. It is commonly applied for acne, eczema, and wounds. It also helps manage diabetes, purify blood, and repel insects.","Neem has antibacterial, antifungal, antiviral, anti-inflammatory, and blood-purifying properties. It promotes skin health, boosts immunity, supports oral hygiene, and controls blood sugar levels.",Neem leaves are consumed fresh or in powder form. Neem oil is used topically for skin and hair care. Its twigs are traditionally used as natural toothbrushes. Neem extracts are also used in herbal medicines and pest control.,"High doses can be toxic, especially in children and during pregnancy. Neem oil should not be ingested. People with autoimmune diseases should consult a healthcare provider before using neem internally.",https://en.wikipedia.org/wiki/Azadirachta_indica
castor,Castor,"Castor (Ricinus communis) is a fast-growing, perennial flowering plant native to the southeastern Mediterranean Basin, Eastern Africa, and India. It is primarily cultivated for its oil-rich seeds, from which castor oil is extracted.","Castor is widely used for treating constipation, skin disorders, hair fall, joint pain, and inflammation. Castor oil is also used in cosmetics, pharmaceuticals, and industrial lubricants.","Castor oil has powerful anti-inflammatory, antimicrobial, and laxative properties. It promotes hair growth, moisturizes skin, relieves joint pain, and supports wound healing. It also acts as a natural detoxifier.",Castor oil is applied topically for skin and hair care. It is also used as a mild laxative when taken orally in controlled doses. Castor leaves are used in poultices for pain and inflammation.,"Raw castor seeds are toxic due to ricin and should never be consumed. Oral consumption of castor oil should be limited and used only under medical supervision. Pregnant women should avoid internal use, as it may induce labor.",https://en.wikipedia.org/wiki/Castor_oil_plant
Nooni,Nooni,"Nooni (Morinda citrifolia) is a small evergreen tree native to Southeast Asia and Australasia. It produces a distinctive, strong-smelling fruit known for its traditional medicinal uses and health-promoting properties.","Nooni is used to boost immunity, relieve pain, support digestion, and reduce inflammation. It is also traditionally used to manage high blood pressure, arthritis, infections, and skin conditions.","Nooni contains antioxidants, vitamin C, potassium, and compounds like scopoletin and damnacanthal. It has anti-inflammatory, antibacterial, antifungal, and immune-boosting effects, and may help reduce oxidative stress.","The fruit is commonly consumed as juice, capsules, or in fermented form. Noni leaves are used as poultices for wounds and joint pain. Noni extract is also used in skincare and wellness products.",Nooni juice is high in potassium and should be avoided by people with kidney disorders. Overconsumption may cause liver issues in rare cases. Pregnant or breastfeeding women should consult a doctor before use.,https://en.wikipedia.org/wiki/Morinda_citrifolia
Henna,Henna,"Henna (Lawsonia inermis) is a flowering plant native to North Africa, the Middle East, and South Asia. Its leaves are dried and ground into a powder to produce a natural dye used traditionally for body art and hair coloring.","Henna is used for temporary tattoos (mehndi), hair dyeing, cooling the body, and treating scalp conditions. It is also used in traditional medicine to relieve headaches, fevers, and skin irritations.","Henna has antifungal, antibacterial, and cooling properties. It strengthens hair, promotes scalp health, helps treat dandruff, and provides a natural, chemical-free coloring alternative.","The powdered leaves are mixed with water or other herbal infusions to make a paste, which is then applied to skin or hair. It is left on for a few hours before being washed off to leave a reddish-brown stain.","Only natural henna (greenish-brown) is safe for use. Black henna may contain harmful chemicals like PPD, which can cause allergic reactions or skin burns. A patch test is recommended before full application.",https://www.kew.org/plants/henna-tree
Mango,Mango,"Mango (Mangifera indica) is a tropical fruit-bearing tree native to South Asia, widely cultivated for its sweet, juicy fruit. It holds cultural, culinary, and medicinal importance in many parts of the world.","Mango is consumed fresh, in juices, smoothies, pickles, and desserts. Medicinally, it is used to improve digestion, support heart health, and boost immunity. Mango leaves and bark are used in traditional remedies for diabetes and oral health.","Mango is rich in vitamins A and C, antioxidants, and fiber. It promotes eye health, supports skin rejuvenation, aids digestion, and boosts immunity. The leaves also have antidiabetic and antimicrobial properties.",The ripe fruit is eaten fresh or processed into various products. The unripe fruit is used in pickles and chutneys. Mango leaves are used in decoctions for managing blood sugar and oral health issues.,Excess consumption of mango can lead to heat in the body or digestive discomfort. Diabetics should monitor their intake due to its natural sugar content. Mango latex (sap) may cause skin irritation in sensitive individuals.,https://en.wikipedia.org/wiki/Mangifera_indica
doddapatre,Doddapatre,"Doddapatre (Plectranthus amboinicus), commonly known as Indian Borage, is a herbaceous plant native to India and Southeast Asia. It has thick, fleshy leaves with a strong oregano-like scent and is used in traditional medicine and cooking.","Doddapatre is used to treat respiratory problems like cough and asthma, digestive issues, and as an anti-inflammatory agent. It is also used as a natural remedy for headaches, fever, and sore throat.","Doddapatre has antimicrobial, antifungal, and anti-inflammatory properties. It helps with digestion, boosts immunity, relieves respiratory conditions, and supports wound healing.","The leaves are consumed fresh or dried, typically as part of herbal teas, decoctions, or in culinary dishes. It is also applied topically for treating skin conditions like wounds and rashes.","Excessive consumption of Doddapatre may cause digestive discomfort. Pregnant women should consult a healthcare provider before using it medicinally, and it should be used in moderation to avoid any adverse reactions.",https://en.wikipedia.org/wiki/Plectranthus_amboinicus
doddpathre,Doddpathre,"Doddapatre (Plectranthus amboinicus), commonly known as Indian Borage, is a herbaceous plant native to India and Southeast Asia. It has thick, fleshy leaves with a strong oregano-like scent and is used in traditional medicine and cooking.","Doddapatre is used to treat respiratory problems like cough and asthma, digestive issues, and as an anti-inflammatory agent. It is also used as a natural remedy for headaches, fever, and sore throat.","Doddapatre has antimicrobial, antifungal, and anti-inflammatory properties. It helps with digestion, boosts immunity, relieves respiratory conditions, and supports wound healing.","The leaves are consumed fresh or dried, typically as part of herbal teas, decoctions, or in culinary dishes. It is also applied topically for treating skin conditions like wounds and rashes.","Excessive consumption of Doddapatre may cause digestive discomfort. Pregnant women should consult a healthcare provider before using it medicinally, and it should be used in moderation to avoid any adverse reactions.",https://en.wikipedia.org/wiki/Plectranthus_amboinicus
amruta_Balli,Amruta Balli,"Amruta Balli, scientifically known as *Tinospora cordifolia*, is a perennial climbing shrub native to India and Southeast Asia. Revered in Ayurvedic medicine, it is known for its potent immunomodulatory and therapeutic properties.","Amruta Balli is used to enhance immunity, treat fever, manage diabetes, detoxify the body, and support liver and kidney health. It is also utilized in managing respiratory issues, digestive disorders, and skin conditions.","The plant exhibits antioxidant, anti-inflammatory, antimicrobial, antipyretic, antidiabetic, hepatoprotective, and immunomodulatory effects. It is also known for its adaptogenic properties, helping the body combat stress and fatigue.","The stem and root extracts are commonly consumed in the form of powders, capsules, or decoctions. Fresh juice from the plant is also used. It is often combined with other herbs like Tulsi and Amla in traditional formulations.","Excessive consumption may lead to digestive discomfort. Pregnant and breastfeeding women should consult a healthcare provider before use. It is advisable to use under the guidance of a qualified practitioner, especially when combining with other medications.",https://en.wikipedia.org/wiki/Tinospora_cordifolia
amruthaballi,Amruthaballi,"Amruta Balli, scientifically known as *Tinospora cordifolia*, is a perennial climbing shrub native to India and Southeast Asia. Revered in Ayurvedic medicine, it is known for its potent immunomodulatory and therapeutic properties.","Amruta Balli is used to enhance immunity, treat fever, manage diabetes, detoxify the body, and support liver and kidney health. It is also utilized in managing respiratory issues, digestive disorders, and skin conditions.","The plant exhibits antioxidant, anti-inflammatory, antimicrobial, antipyretic, antidiabetic, hepatoprotective, and immunomodulatory effects. It is also known for its adaptogenic properties, helping the body combat stress and fatigue.","The stem and root extracts are commonly consumed in the form of powders, capsules, or decoctions. Fresh juice from the plant is also used. It is often combined with other herbs like Tulsi and Amla in traditional formulations.","Excessive consumption may lead to digestive discomfort. Pregnant and breastfeeding women should consult a healthcare provider before use. It is advisable to use under the guidance of a qualified practitioner, especially when combining with other medications.",https://en.wikipedia.org/wiki/Tinospora_cordifolia
betel_Nut,Betel Nut,"Betel Nut (Areca catechu) is the seed of the Areca palm, commonly chewed in many parts of Asia, particularly in India, along with betel leaves. It is known for its stimulating effects and is traditionally used for its medicinal, social, and cultural significance.","Betel Nut is used to improve digestion, enhance appetite, and stimulate the central nervous system. It is also used in some traditional remedies to treat oral diseases, respiratory conditions, and for its anti-inflammatory properties.","Betel Nut has stimulant properties, which can improve focus and mental clarity. It also has antiseptic and antimicrobial properties, helping to fight infections and treat oral conditions like gingivitis and bad breath.","Betel Nut is typically chewed in combination with betel leaves and slaked lime, though it can also be consumed in powdered or capsule form. It is often used in cultural rituals and as a mouth freshener.","Excessive consumption of Betel Nut is associated with several health risks, including an increased risk of oral cancer, addiction, and digestive issues. It should be used with caution, and prolonged use should be avoided. Pregnant women and children should not use Betel Nut.",https://en.wikipedia.org/wiki/Areca_nut
geranium,Geranium,"Geranium (Pelargonium spp.) is a genus of plants belonging to the family Geraniaceae, native to South Africa. Known for its fragrant leaves and colorful flowers, geranium is widely cultivated as an ornamental plant and is used for medicinal purposes.","Geranium is used to treat skin conditions like acne, eczema, and dermatitis. It is also used for its mood-boosting properties, to reduce anxiety, and as an antimicrobial agent. Geranium oil is widely used in aromatherapy for relaxation and stress relief.","Geranium has anti-inflammatory, antimicrobial, antiseptic, and astringent properties. It helps improve skin health, reduce stress, balance hormones, and support digestive health. It is also used to improve circulation and alleviate symptoms of PMS.","Geranium essential oil is used in aromatherapy, added to skin care products, or diluted for topical application. The leaves and flowers can also be used to make herbal teas or infusions for internal use.",Essential oils should be diluted before topical application to avoid skin irritation. Pregnant women and individuals with sensitive skin should consult a healthcare provider before use.,https://en.wikipedia.org/wiki/Pelargonium
rose,Rose,"Rose (Rosa spp.) is a genus of flowering plants in the family Rosaceae, known for its beautiful, fragrant flowers. Roses are native to temperate regions of the world, and they have been cultivated for ornamental, medicinal, and aromatic purposes for centuries.","Rose is used in skincare for its hydrating and anti-inflammatory properties. It is also used in aromatherapy to reduce stress and improve mood. Rose petals are used to prepare rose water, which has medicinal uses like soothing irritated skin and reducing inflammation.","Rose has antibacterial, antioxidant, and anti-inflammatory properties. It helps improve skin tone, reduce redness, and prevent signs of aging. Rose oil is also known for its calming effects, promoting emotional well-being and relaxation.","Rose petals are used to make rose water, which can be applied to the skin or consumed in drinks. Rose essential oil is used in aromatherapy, cosmetics, and massage. Fresh rose petals can also be added to teas for their soothing effects.",Rose oil should be diluted before topical application to avoid skin irritation. Pregnant women should consult a healthcare provider before using rose essential oil. People with allergies to plants in the Rosaceae family should perform a patch test first.,https://en.wikipedia.org/wiki/Rose
Rose,Rose,"Rose (Rosa spp.) is a genus of flowering plants in the family Rosaceae, known for its beautiful, fragrant flowers. Roses are native to temperate regions of the world, and they have been cultivated for ornamental, medicinal, and aromatic purposes for centuries.","Rose is used in skincare for its hydrating and anti-inflammatory properties. It is also used in aromatherapy to reduce stress and improve mood. Rose petals are used to prepare rose water, which has medicinal uses like soothing irritated skin and reducing inflammation.","Rose has antibacterial, antioxidant, and anti-inflammatory properties. It helps improve skin tone, reduce redness, and prevent signs of aging. Rose oil is also known for its calming effects, promoting emotional well-being and relaxation.","Rose petals are used to make rose water, which can be applied to the skin or consumed in drinks. Rose essential oil is used in aromatherapy, cosmetics, and massage. Fresh rose petals can also be added to teas for their soothing effects.",Rose oil should be diluted before topical application to avoid skin irritation. Pregnant women should consult a healthcare provider before using rose essential oil. People with allergies to plants in the Rosaceae family should perform a patch test first.,https://en.wikipedia.org/wiki/Rose
guava,Guava,"Guava (Psidium guajava) is a tropical fruit-bearing shrub native to Central America. It is known for its sweet and tangy flavor, and it is rich in vitamin C, antioxidants, and dietary fiber. The fruit and leaves have been used in traditional medicine for various health benefits.","Guava is used to support digestive health, boost immunity, and manage diabetes. Its leaves are traditionally used to treat diarrhea, infections, and inflammation. The fruit is consumed fresh, in juices, or used in cooking and jams.","Guava is packed with vitamins A, C, and E, which support immune function, skin health, and eye health. It also has antimicrobial, anti-inflammatory, and antioxidant properties. Guava aids in digestion, lowers blood sugar levels, and promotes heart health.","Guava fruit is eaten fresh, added to smoothies, or used in cooking. Guava leaves are used to make tea or extracts, which can be consumed for digestive and health benefits. Guava is also used in jams, juices, and preserves.","Overconsumption of guava may cause digestive discomfort, such as bloating or gas. Guava leaves should be used cautiously, especially in pregnant or breastfeeding women, as they may have mild medicinal effects. Always consult a healthcare provider before using medicinal extracts.",https://en.wikipedia.org/wiki/Guava
Gauva,Gauva,"Gauva (Psidium guajava) is a tropical fruit-bearing shrub native to Central America. It is known for its sweet and tangy flavor, and it is rich in vitamin C, antioxidants, and dietary fiber. The fruit and leaves have been used in traditional medicine for various health benefits.","Gauva is used to support digestive health, boost immunity, and manage diabetes. Its leaves are traditionally used to treat diarrhea, infections, and inflammation. The fruit is consumed fresh, in juices, or used in cooking and jams.","Gauva is packed with vitamins A, C, and E, which support immune function, skin health, and eye health. It also has antimicrobial, anti-inflammatory, and antioxidant properties. Guava aids in digestion, lowers blood sugar levels, and promotes heart health.","Gauva fruit is eaten fresh, added to smoothies, or used in cooking. Guava leaves are used to make tea or extracts, which can be consumed for digestive and health benefits. Guava is also used in jams, juices, and preserves.","Overconsumption of guava may cause digestive discomfort, such as bloating or gas. Guava leaves should be used cautiously, especially in pregnant or breastfeeding women, as they may have mild medicinal effects. Always consult a healthcare provider before using medicinal extracts.",https://en.wikipedia.org/wiki/Guava
hibiscus,Hibiscus,"Hibiscus (Hibiscus rosa-sinensis) is a flowering plant species in the family Malvaceae, native to tropical and subtropical regions of the world. It is widely cultivated for its vibrant flowers, which are used in traditional medicine and culinary applications.","Hibiscus is used to treat high blood pressure, cholesterol, and digestive problems. It is also used in skincare for its antioxidant and anti-inflammatory properties, promoting youthful skin and reducing redness and irritation.","Hibiscus is rich in antioxidants like anthocyanins, vitamin C, and flavonoids. It has antimicrobial, anti-inflammatory, and diuretic properties. Hibiscus is known to help lower blood pressure, manage cholesterol levels, and support heart health.","Hibiscus flowers are commonly used to make herbal tea, which is consumed to support heart health and reduce inflammation. The flowers can also be used topically in skincare products, and hibiscus extracts are included in hair care products for promoting hair health.","Hibiscus may lower blood pressure, so people with hypotension or those on blood pressure medications should use it with caution. Pregnant women should avoid consuming hibiscus tea as it may have uterine-stimulating effects. Always consult a healthcare provider before use.",https://en.wikipedia.org/wiki/Hibiscus
Hibiscus,Hibiscus,"Hibiscus (Hibiscus rosa-sinensis) is a flowering plant species in the family Malvaceae, native to tropical and subtropical regions of the world. It is widely cultivated for its vibrant flowers, which are used in traditional medicine and culinary applications.","Hibiscus is used to treat high blood pressure, cholesterol, and digestive problems. It is also used in skincare for its antioxidant and anti-inflammatory properties, promoting youthful skin and reducing redness and irritation.","Hibiscus is rich in antioxidants like anthocyanins, vitamin C, and flavonoids. It has antimicrobial, anti-inflammatory, and diuretic properties. Hibiscus is known to help lower blood pressure, manage cholesterol levels, and support heart health.","Hibiscus flowers are commonly used to make herbal tea, which is consumed to support heart health and reduce inflammation. The flowers can also be used topically in skincare products, and hibiscus extracts are included in hair care products for promoting hair health.","Hibiscus may lower blood pressure, so people with hypotension or those on blood pressure medications should use it with caution. Pregnant women should avoid consuming hibiscus tea as it may have uterine-stimulating effects. Always consult a healthcare provider before use.",https://en.wikipedia.org/wiki/Hibiscus
nithyapushpa,Nithyapushpa (Nithyakalyani),"Nithyapushpa, scientifically known as *Catharanthus roseus*, is an evergreen shrub native to Madagascar and widely cultivated in India and other tropical regions. It is known for its vibrant flowers and is used both ornamentally and medicinally.","Nithyapushpa is used to manage diabetes, hypertension, and certain cancers. It is also used in traditional medicine to treat wounds, infections, and as a general tonic. The plant is also utilized in ornamental gardening.","The plant contains alkaloids like vincristine and vinblastine, which are used in chemotherapy drugs. It has anti-inflammatory, antimicrobial, and antidiabetic properties. It also helps in wound healing and boosts immunity.","The whole plant is used in traditional medicine, either as a decoction or in powdered form. It is also used topically for wound care. The plant is cultivated for ornamental purposes in gardens and landscapes.","The plant contains toxic compounds and should be used under medical supervision. Overconsumption can lead to side effects such as nausea, vomiting, and low blood pressure. Pregnant and breastfeeding women should avoid using this plant.",https://en.wikipedia.org/wiki/Catharanthus_roseus
wood_sorel,Wood Sorel,"Wood Sorrel (Oxalis spp.) is a genus of flowering plants found worldwide, recognized by their trifoliate leaves and sour taste due to oxalic acid. Common species include Oxalis acetosella and Oxalis corniculata, often used in traditional medicine and culinary applications.","Traditionally used to treat digestive issues, fevers, mouth ulcers, and scurvy. Also applied topically for wounds and inflammation.","Rich in vitamin C and antioxidants; possesses diuretic, astringent, and anti-inflammatory properties.","Consumed as herbal tea, fresh leaves in salads, or applied as poultices for skin ailments.","High oxalic acid content may be harmful in large amounts, especially for individuals with kidney disorders. Use in moderation.",https://en.wikipedia.org/wiki/Oxalis
tamarind,Tamarind,"Tamarind (Tamarindus indica) is a leguminous tree native to tropical Africa but widely cultivated in India and other tropical regions. It is known for its edible, tangy fruit used in culinary, medicinal, and traditional practices.","Tamarind is used in traditional medicine to aid digestion, relieve constipation, and treat fever and sore throat. In culinary uses, it is a common ingredient in chutneys, sauces, and beverages. Medicinally, it is also used to manage bile disorders and act as a mild laxative.","Tamarind is rich in antioxidants, dietary fiber, and essential vitamins like B1, B3, and C. It exhibits anti-inflammatory, antimicrobial, and laxative properties. It helps improve digestion, reduce fever, and support heart and liver health.",Tamarind pulp is consumed directly or used in cooking. It is also used in herbal syrups and digestive tonics. The leaves and bark are used in traditional medicine for wound healing and inflammation. Tamarind water is often consumed to aid in digestion.,Overconsumption may cause acidity or interfere with certain medications like aspirin due to its blood-thinning properties. People with acid reflux or sensitive stomachs should moderate their intake. Diabetics should monitor blood sugar levels as tamarind may lower glucose.,https://en.wikipedia.org/wiki/Tamarind
brahmi,Brahmi,"Brahmi (Bacopa monnieri) is a creeping herb native to wetlands across India and Southeast Asia. It is a key herb in Ayurvedic medicine, valued for its powerful cognitive-enhancing and stress-relieving effects.","Brahmi is used to improve memory, concentration, and learning abilities. It is also applied in managing anxiety, stress, epilepsy, and Alzheimer�s disease. Traditionally, it has been used to support overall brain function and mental clarity.","Brahmi has neuroprotective, antioxidant, anti-inflammatory, and adaptogenic properties. It enhances cognitive performance, reduces cortisol levels, supports nervous system health, and helps with relaxation and mental rejuvenation.","Consumed as a supplement (capsule, powder, or syrup) or as an herbal tea. Brahmi oil is also massaged into the scalp to improve hair health and mental calmness. Aqueous extracts are used in Ayurvedic remedies.",Mild gastrointestinal symptoms like bloating or nausea may occur with high doses. It may interact with sedatives or thyroid medications. Pregnant and breastfeeding women should consult a doctor before use.,https://en.wikipedia.org/wiki/Bacopa_monnieri
bhrami,Brahmi,"Brahmi (Bacopa monnieri) is a creeping herb native to wetlands across India and Southeast Asia. It is a key herb in Ayurvedic medicine, valued for its powerful cognitive-enhancing and stress-relieving effects.","Brahmi is used to improve memory, concentration, and learning abilities. It is also applied in managing anxiety, stress, epilepsy, and Alzheimer�s disease. Traditionally, it has been used to support overall brain function and mental clarity.","Brahmi has neuroprotective, antioxidant, anti-inflammatory, and adaptogenic properties. It enhances cognitive performance, reduces cortisol levels, supports nervous system health, and helps with relaxation and mental rejuvenation.","Consumed as a supplement (capsule, powder, or syrup) or as an herbal tea. Brahmi oil is also massaged into the scalp to improve hair health and mental calmness. Aqueous extracts are used in Ayurvedic remedies.",Mild gastrointestinal symptoms like bloating or nausea may occur with high doses. It may interact with sedatives or thyroid medications. Pregnant and breastfeeding women should consult a doctor before use.,https://en.wikipedia.org/wiki/Bacopa_monnieri
sapota,Sapota,"Sapota (Manilkara zapota), also known as chikoo or sapodilla, is a tropical fruit-bearing tree native to southern Mexico, Central America, and the Caribbean. It is cultivated widely in India for its sweet and grainy-textured fruit.","Sapota is consumed as a fresh fruit and also used in milkshakes, desserts, and jams. In traditional medicine, it has been used to manage diarrhea, cough, and cold. The seeds and bark have astringent and anti-inflammatory applications.","Sapota is rich in dietary fiber, antioxidants, vitamins A and C, and minerals like iron and potassium. It helps improve digestion, boosts immunity, promotes skin health, and supports energy production due to its natural sugars.","The ripe fruit is eaten directly or used in desserts, smoothies, and ice creams. The latex of the plant has been used for dental purposes in the past. In traditional remedies, crushed seeds and bark extracts are sometimes applied topically.",Unripe fruit may cause mouth irritation or throat dryness. Excessive consumption of sapota may lead to weight gain due to its high sugar content. People with diabetes should monitor their intake. Always wash the fruit thoroughly before consumption.,https://en.wikipedia.org/wiki/Manilkara_zapota
basale,Basale (Malabar Spinach),"Basale, scientifically known as Basella alba, is a fast-growing, soft-stemmed vine native to the Indian subcontinent and Southeast Asia. Commonly referred to as Malabar Spinach, it is a popular leafy vegetable in tropical regions, known for its thick, fleshy leaves and mild flavor.","Basale is used in traditional medicine to treat digestive issues, skin conditions, and inflammation. It is also utilized for its cooling properties, making it beneficial in managing fevers and heat-related ailments. Additionally, it supports bone health and is used to enhance fertility and lactation.","Basale is rich in vitamins A and C, iron, calcium, and antioxidants. It exhibits anti-inflammatory, laxative, and demulcent properties. Regular consumption aids in digestion, boosts immunity, promotes healthy skin, and supports overall well-being.","The leaves and tender stems are consumed cooked in curries, soups, and stir-fries. They can also be eaten raw in salads. In traditional remedies, leaf paste is applied to wounds and burns, and leaf juice is consumed to alleviate digestive issues.","While Basale is generally safe for consumption, excessive intake may lead to digestive discomfort in some individuals. People with a history of kidney stones should consume it in moderation due to its oxalate content. Always consult a healthcare provider for personalized advice.",https://en.wikipedia.org/wiki/Basella_alba
avacado,Avacado,"Avacado (Persea americana) is a fruit native to the Americas, primarily Mexico and Central America. Known for its creamy texture and rich, mild flavor, it is often referred to as a �superfood� due to its high nutritional value and numerous health benefits.","Avacado is widely used in culinary applications, such as guacamole, salads, smoothies, and as a topping for toast. Its oil is also used in skincare and hair care products due to its moisturizing and nourishing properties. Additionally, avocado has been used traditionally to support heart health and weight management.","Avacado is packed with healthy fats, primarily monounsaturated fats, which support heart health. It is also rich in fiber, vitamins (A, C, E, K, B-6), and minerals like potassium, which help regulate blood pressure and support overall well-being.",The flesh of the avocado is eaten raw or added to various dishes. Avocado oil is used in cooking and skin care. Avocado is also blended into smoothies or spread on bread as a nutritious alternative to butter.,"Although avocado is generally safe for most people, it is high in calories, so it should be consumed in moderation, particularly for those watching their caloric intake. Some people may have allergic reactions, and avocado is not recommended for individuals with latex allergies due to cross-reactivity.",https://en.wikipedia.org/wiki/Avocado
ashwagandha,Ashwagandha,"Ashwagandha (Withania somnifera), also known as Indian ginseng or winter cherry, is an adaptogenic herb used in Ayurvedic medicine for its restorative and rejuvenating properties. Native to India, it is revered for its ability to help the body manage stress and enhance overall vitality.","Ashwagandha is primarily used to reduce stress and anxiety, improve sleep quality, boost energy, and support cognitive function. It is also used to enhance physical endurance, strengthen the immune system, and manage inflammation. In traditional medicine, it is used to treat conditions like arthritis, insomnia, and hormonal imbalances.","Ashwagandha has adaptogenic, anti-inflammatory, antioxidant, and anti-anxiety properties. It helps lower cortisol levels, improves mental clarity and memory, enhances endurance, and promotes a balanced mood. It is also known for its potential to improve testosterone levels and fertility in men.","Ashwagandha is typically consumed in the form of powder, capsules, or tablets. It can also be mixed into smoothies, milk, or teas. In Ayurvedic practices, it is often combined with other herbs for enhanced therapeutic effects.","Excessive use of Ashwagandha may lead to mild side effects like digestive upset, diarrhea, or drowsiness. It is not recommended for pregnant or breastfeeding women or individuals with autoimmune conditions without medical supervision. Always consult a healthcare provider before starting Ashwagandha supplements.",https://en.wikipedia.org/wiki/Withania_somnifera
nagadali,Nagadali,"Nagadali, scientifically known as Ruta graveolens, is a perennial herb native to the Mediterranean region. It is characterized by its aromatic, feathery leaves and small, yellow-green flowers. The plant is commonly used in traditional medicine and as an ornamental plant.","Nagadali is used in traditional medicine to treat various ailments such as digestive disorders, menstrual problems, and as an insect repellent. It is also employed in spiritual practices for its protective properties and is used in gardens for its ornamental value.","Nagadali possesses anti-inflammatory, antimicrobial, and antioxidant properties. It is known to aid in digestion, relieve menstrual cramps, and act as a natural insect repellent. The plant is also believed to have protective qualities in spiritual practices.","The leaves of the Nagadali plant are used to make herbal teas, tinctures, and poultices. In gardens, it is planted as a decorative shrub and as a natural pest deterrent. The plant requires full sun and well-drained soil for optimal growth.","Nagadali contains compounds that can be toxic in large quantities. It should be used with caution, especially during pregnancy and breastfeeding. Prolonged skin contact may cause irritation in some individuals. Always consult a healthcare provider before use.",https://en.wikipedia.org/wiki/Ruta_graveolens
arali,Arali (Nerium Oleander),"Arali, scientifically known as Nerium oleander, is a flowering shrub native to the Mediterranean region. It is widely cultivated in tropical and subtropical areas for its ornamental value, characterized by its vibrant flowers and evergreen foliage.","Traditionally, various parts of the Arali plant have been used in folk medicine for conditions such as heart ailments, asthma, epilepsy, and skin diseases. However, these uses are based on traditional practices, and scientific evidence supporting their efficacy is limited.","Arali is primarily valued for its ornamental appeal in landscaping. It is tolerant to drought and can thrive in various soil conditions, making it a popular choice for hedges and decorative plantings.","The plant is cultivated for its aesthetic value in gardens and landscapes. It can be grown as a shrub or trained into a small tree. The flowers, which bloom from late spring to late summer, come in colors ranging from white to pink to red.","Arali is highly toxic if ingested. All parts of the plant contain cardiac glycosides, which can cause symptoms such as nausea, vomiting, abdominal pain, and irregular heart rhythms if consumed. Prolonged skin contact with the sap may also cause irritation.",https://en.wikipedia.org/wiki/Nerium
ekka,Ekka (Calotropis gigantea),"Ekka, scientifically known as Calotropis gigantea, is a large shrub belonging to the Apocynaceae family. It is native to the Indian subcontinent and is characterized by its milky sap and large, waxy flowers that are typically white or lavender in color.","Ekka has been used in traditional medicine for various purposes, including as a purgative and emetic. It is also utilized in the treatment of skin diseases, respiratory disorders, and digestive issues. The plant is known for its anti-inflammatory and antimicrobial properties.","Ekka is believed to have several health benefits, such as aiding in the treatment of fevers, nausea, vomiting, diarrhea, and digestive disorders. It is also used to relieve mild to severe skin issues and respiratory tract infections.",The plant's latex is used in purgation and vomiting therapy. It is also applied topically for skin conditions and used in traditional remedies for respiratory and digestive ailments.,"Ekka is considered toxic and should be used with caution. Overdose can lead to severe vomiting and diarrhea. It should not be used during pregnancy and lactation, and is not recommended for children. Always consult a healthcare provider before use.",https://en.wikipedia.org/wiki/Calotropis_gigantea
ganike,Ganike (Solanum nigrum),"Ganike, scientifically known as Solanum nigrum, is an herbaceous plant native to Asia and Africa. It is commonly referred to as Black Nightshade and is used both as a vegetable and in traditional medicine for its various health benefits.","Ganike is used in traditional medicine for its purported health benefits, such as supporting digestive health, reducing inflammation, and boosting immunity. The leaves and berries are often used in South Indian cooking, particularly in dishes like Kootu and Rasam.","Ganike is rich in vitamins A, C, E, and K, as well as minerals like calcium, iron, and magnesium. It is believed to have anti-inflammatory, antimicrobial, and digestive health benefits.","The leaves are consumed in various dishes such as Kootu, Rasam, and Tambli. They are typically boiled and cooked with other ingredients to reduce their toxicity. The berries are consumed cautiously due to their toxic properties in unripe form.","Ganike contains solanine, which can be toxic if consumed in large quantities, especially if the berries are not ripe. It is recommended to cook the leaves thoroughly before consumption. Pregnant or breastfeeding women and individuals with underlying health conditions should consult a healthcare provider before using it for medicinal purposes.",https://en.wikipedia.org/wiki/Solanum_nigrum
honge,Honge (Pongamia Pinnata),"Honge, scientifically known as *Pongamia pinnata* (formerly *Millettia pinnata*), is a fast-growing tree native to tropical Asia. It is known for its nitrogen-fixing abilities and is widely used in biodiesel production, traditional medicine, and industrial applications.","The Honge tree is used for its seeds, which provide oil for biodiesel production. It is also used in traditional medicine for skin conditions and digestive issues. The oil is applied for its anti-inflammatory and antimicrobial properties, and the tree is valued for its environmental benefits as a nitrogen-fixer and shade provider.","Honge oil has multiple applications, including use in biodiesel production, soap making, leather tanning, and lubricants. It is also beneficial in improving soil fertility and supporting reforestation efforts. The tree is drought-resistant and can thrive in a variety of soil types.",The leaves and bark of the Honge tree are used in traditional medicine to treat skin ailments and digestive issues. The oil extracted from the seeds is applied topically and used in industrial products. It is also planted for environmental restoration and urban landscaping.,"The seeds and oil of the Honge tree can be toxic if consumed in large quantities. The sap and oil may cause skin irritation in some individuals. Caution should be taken when using the tree's products, especially in large amounts, and consultation with a healthcare provider is advised before medicinal use.",https://en.wikipedia.org/wiki/Pongamia_pinnata
mint,Mint (Mentha),"Mint, scientifically known as *Mentha*, is a genus of aromatic herbs in the Lamiaceae family. It is widely used for its fragrant leaves and has multiple varieties, including Peppermint (*Mentha piperita*) and Spearmint (*Mentha spicata*). Mint is native to Europe and Asia but is now cultivated globally.","Mint is used extensively in culinary dishes, beverages (such as mint tea and mojitos), and for its cooling effect in desserts. It is also used in traditional medicine to aid digestion, relieve nausea, and treat respiratory issues. Mint oil is commonly used in aromatherapy and personal care products like toothpaste, mouthwash, and lotions.","Mint has digestive, anti-inflammatory, and antimicrobial properties. It is also known for its soothing effect on the stomach, helping to alleviate indigestion, bloating, and gas. The menthol in mint provides a cooling sensation and is often used to relieve headaches and muscle pain.","Mint leaves can be used fresh or dried in cooking, teas, and garnishes. Mint oil can be applied topically to soothe skin irritation or used in aromatherapy. Fresh mint is also a key ingredient in many health drinks and is often used to add flavor to dishes, especially salads, chutneys, and desserts.","Mint should be used in moderation, as excessive consumption may lead to heartburn or gastrointestinal discomfort. Peppermint oil should not be applied directly to the skin in undiluted form, as it can cause irritation. People with certain conditions, such as GERD (gastroesophageal reflux disease), should consult a healthcare provider before using mint products.",https://en.wikipedia.org/wiki/Mint
catharanthus,Catharanthus (Periwinkle),"Catharanthus, commonly known as Periwinkle, is a genus of flowering plants in the Apocynaceae family. Native to Madagascar, it is widely cultivated for ornamental purposes. The plant is known for its beautiful, colorful flowers and is also valued for its medicinal properties.","Periwinkle is used in traditional medicine, especially for its anti-cancer properties. The leaves are used to prepare herbal remedies for controlling diabetes, high blood pressure, and infections. Catharanthus is also widely used in ornamental gardening due to its vibrant flowers.","Catharanthus has anti-cancer properties, as it contains alkaloids such as vincristine and vinblastine, which are used in chemotherapy drugs. It is also known for its antimicrobial, anti-inflammatory, and anti-diabetic effects.","The leaves and flowers of Catharanthus are used in herbal medicine. The plant is often made into a decoction or extract to treat various ailments, including diabetes and high blood pressure. It is also used in the production of chemotherapy drugs.","Catharanthus is toxic if consumed in large quantities. The plant contains alkaloids that can cause nausea, vomiting, and other toxic effects. It should only be used under the guidance of a healthcare provider, especially when used for medicinal purposes.",https://en.wikipedia.org/wiki/Catharanthus
